{
  "cascode": {
    "XM1": {
      "Id": 9.999997e-06,
      "Vgs": 0.7594722,
      "Vds": 0.7594722,
      "Vth": 0.6324472,
      "Vov": 0.12702500000000005,
      "Vdsat": 0.1305781,
      "gm": 0.0001242318,
      "ro": 965447.5959872137,
      "gm_id": 12.42318372695512
    },
    "XM2": {
      "Id": 9.986991e-06,
      "Vgs": 0.7594722,
      "Vds": 0.7469733,
      "Vth": 0.6324885,
      "Vov": 0.12698370000000003,
      "Vdsat": 0.1305519,
      "gm": 0.0001240942,
      "ro": 956571.6472163765,
      "gm_id": 12.425584442801641
    },
    "XM3": {
      "Id": 9.999998e-06,
      "Vgs": 0.9001329,
      "Vds": 0.9001329,
      "Vth": 0.7869317,
      "Vov": 0.1132012,
      "Vdsat": 0.1353834,
      "gm": 0.0001275939,
      "ro": 1035068.9645749718,
      "gm_id": 12.75939255187851
    },
    "XM4": {
      "Id": 9.986992e-06,
      "Vgs": 0.9126318,
      "Vds": 0.1530267,
      "Vth": 0.7872788,
      "Vov": 0.12535300000000005,
      "Vdsat": 0.1433667,
      "gm": 0.0001113757,
      "ro": 59507.48038782216,
      "gm_id": 11.152076621268948
    }
  },
  "sooch": {
    "XM5": {
      "Id": 9.999999e-06,
      "Vgs": 1.020705,
      "Vds": 1.020705,
      "Vth": 0.5923633,
      "Vov": 0.42834169999999994,
      "Vdsat": 0.3413587,
      "gm": 4.278474e-05,
      "ro": 1457461.6498116085,
      "gm_id": 4.278474427847443
    },
    "XM1": {
      "Id": 9.999999e-06,
      "Vgs": 0.7676515,
      "Vds": 0.2141549,
      "Vth": 0.6342504,
      "Vov": 0.13340110000000005,
      "Vdsat": 0.1346412,
      "gm": 0.0001180833,
      "ro": 187325.55307869546,
      "gm_id": 11.808331180833118
    },
    "XM2": {
      "Id": 1.000543e-05,
      "Vgs": 0.7676515,
      "Vds": 0.2151774,
      "Vth": 0.634247,
      "Vov": 0.13340450000000004,
      "Vdsat": 0.1346433,
      "gm": 0.0001181831,
      "ro": 189497.94792672188,
      "gm_id": 11.811896140395765
    },
    "XM3": {
      "Id": 9.999999e-06,
      "Vgs": 0.8065498,
      "Vds": 0.5534966,
      "Vth": 0.6833873,
      "Vov": 0.12316249999999995,
      "Vdsat": 0.1332342,
      "gm": 0.0001244106,
      "ro": 762020.2986967167,
      "gm_id": 12.441061244106125
    },
    "XM4": {
      "Id": 1.000543e-05,
      "Vgs": 0.8055272,
      "Vds": 0.6848226,
      "Vth": 0.6831773,
      "Vov": 0.12234990000000001,
      "Vdsat": 0.1327298,
      "gm": 0.0001250086,
      "ro": 894088.9099893871,
      "gm_id": 12.494075716885732
    }
  }
}